username,user id,access hash,name,group,group id
Anaktani,1067575896,4611744063299370546,Zen Anak Petani,NEW BERBAGI INFO SEPUTAR 999DICE,1342351683
Baokcity,837228139,-7599556490730534044,Yayan Ruhyana,NEW BERBAGI INFO SEPUTAR 999DICE,1342351683
xyzSeedBot,995683410,-2927215001596664856,xyzSeedBot,NEW BERBAGI INFO SEPUTAR 999DICE,1342351683
Febriuwu,955471884,-7712278146869396991,Febri Uwu,NEW BERBAGI INFO SEPUTAR 999DICE,1342351683
tokek222,1032509166,-5143950578024458128,Tavip Pratama,NEW BERBAGI INFO SEPUTAR 999DICE,1342351683
Terate2009,982485170,7813569982840565680,Terate Nolsongo,NEW BERBAGI INFO SEPUTAR 999DICE,1342351683
Doge_TipBot,642813381,6321166805579580298,Dogecoin Tipbot,NEW BERBAGI INFO SEPUTAR 999DICE,1342351683
KareDOGE,1060811417,-1161723627555795356,Stroop DOGE | #PintuKemanaSaja,NEW BERBAGI INFO SEPUTAR 999DICE,1342351683
bani_Ohenk,943140369,-207718904427913921,syabani,NEW BERBAGI INFO SEPUTAR 999DICE,1342351683
ArbaniShofi,591023643,7656138623068118550,Arbani Shofi,NEW BERBAGI INFO SEPUTAR 999DICE,1342351683
SangMata_BOT,300860929,-3906356830792746319,SangMata,NEW BERBAGI INFO SEPUTAR 999DICE,1342351683
Dwires15,964612417,-696266836953625398,Dwi Restu Saputra,NEW BERBAGI INFO SEPUTAR 999DICE,1342351683
DharmaSetiawan46,993281392,3428815012445714043,Dharma Setiawan,NEW BERBAGI INFO SEPUTAR 999DICE,1342351683
SangMataInfo_bot,461843263,3759098792546783633,SangMata Info Bot,NEW BERBAGI INFO SEPUTAR 999DICE,1342351683
recehtricks,757398757,4583947134420945884,nanang ferdiansyah,NEW BERBAGI INFO SEPUTAR 999DICE,1342351683
EkoApri01,1147254323,-1050320282708185561,Radif 01,NEW BERBAGI INFO SEPUTAR 999DICE,1342351683
PencariCrypt0,741840741,-8427153669993525269,ILHAM AGIL ~ P.C,NEW BERBAGI INFO SEPUTAR 999DICE,1342351683
Kangrusuh,806584296,-8750194118176540838,Perusuh‚∏ôÍ†ãÍ†ãÍ†ãÍ†ãÍ†ãÍ†ãÍ†ãÍ†ãÍ†ãÍ†ãÍ†ãÍ†ãÍ†ãÍ†ãÍ†ãÍ†ãÍ†ãÍ†ãÍ†ãÍ†ãÍ†ãÍ†ãÍ†ãÍ†ãÍ†ãÍ†ãÍ†ãÍ†ãÍ†ãÍ†ãÍ†ãÍ†ãÍ†ãÍ†ãÍ†ãÍ†ãÍ†ãÍ†ãÍ†ãÍ†ã,NEW BERBAGI INFO SEPUTAR 999DICE,1342351683
agung7620,1032393998,4554123457273992123,Penjahat,NEW BERBAGI INFO SEPUTAR 999DICE,1342351683
kabeleror,709545776,-7230740166891857733,Pengemis Elite,NEW BERBAGI INFO SEPUTAR 999DICE,1342351683
Orang_Pinggiran10,1111114064,-4669863022561057472,Masmas biasa,NEW BERBAGI INFO SEPUTAR 999DICE,1342351683
Dediprasetyo,889577619,1193679160807760602,Dedi Prasetyo |ü¶∏‚Äç‚ôÇÔ∏è|Hash Lotto Hero|üçÄ,NEW BERBAGI INFO SEPUTAR 999DICE,1342351683
LegitLovers,301975468,-3585834961765192013,Go Profit,NEW BERBAGI INFO SEPUTAR 999DICE,1342351683
path007,764526474,8771483164919369842,path007,NEW BERBAGI INFO SEPUTAR 999DICE,1342351683
Parlinggoman,791061517,-4736550583855436347,Niecho Manalu,NEW BERBAGI INFO SEPUTAR 999DICE,1342351683
Hayoakusiapa,1068051708,259248863632867616,Orang Baik,NEW BERBAGI INFO SEPUTAR 999DICE,1342351683
opencryptobot,709924521,-2109453580371343043,OpenCryptoBot,NEW BERBAGI INFO SEPUTAR 999DICE,1342351683
NUNU_13,662860828,-1850895181804780207,Nunu Anugrah‚∏ôÍ†ãÍ†ãÍ†ãÍ†ãÍ†ãÍ†ãÍ†ãÍ†ãÍ†ãÍ†ãÍ†ãÍ†ãÍ†ãÍ†ãÍ†ãÍ†ãÍ†ãÍ†ãÍ†ãÍ†ãÍ†ãÍ†ãÍ†ãÍ†ãÍ†ãÍ†ãÍ†ãÍ†ãÍ†ãÍ†ãÍ†ãÍ†ãÍ†ãÍ†ãÍ†ãÍ†ãÍ†ãÍ†ãÍ†ãÍ†ã,NEW BERBAGI INFO SEPUTAR 999DICE,1342351683
Aditkun99,854132248,5977705053024526630,Aditya Nugraha,NEW BERBAGI INFO SEPUTAR 999DICE,1342351683
Ndak_kuat_mikir,999010424,-2416407073106033342,Jambrong Alas,NEW BERBAGI INFO SEPUTAR 999DICE,1342351683
Aduhsakit12,992387878,1513262392982261347,Njir Gila,NEW BERBAGI INFO SEPUTAR 999DICE,1342351683
Neomild001,687239401,-4764126030746126269,DaniSurya750. Aryama,NEW BERBAGI INFO SEPUTAR 999DICE,1342351683
Creator_Bott,1178933791,4511528908891544883,First Name,NEW BERBAGI INFO SEPUTAR 999DICE,1342351683
MbahWher,182604637,-2678539094758656416,‚Ñ¢üá≤ üáß üá¶ üá≠ ‚úì üáº‚ìó‚ìî‚ì°,NEW BERBAGI INFO SEPUTAR 999DICE,1342351683
MataKalong,1056722157,813159741781720914,M¬∞A¬∞B,NEW BERBAGI INFO SEPUTAR 999DICE,1342351683
fadil199t,1132068672,200456130638217827,Fadil Lewus,NEW BERBAGI INFO SEPUTAR 999DICE,1342351683
lucky1meee,1094596698,-37868796831853405,Erlangga,NEW BERBAGI INFO SEPUTAR 999DICE,1342351683
Gembel23,812007414,2558195625998211373,King gembel,NEW BERBAGI INFO SEPUTAR 999DICE,1342351683
Jakekampret,1074004550,8158931454111276965,Jake Kamprett,NEW BERBAGI INFO SEPUTAR 999DICE,1342351683
Aypwhy01,949449068,2723444439807252334,Kenshin Himura,NEW BERBAGI INFO SEPUTAR 999DICE,1342351683
FVJolie,982804101,-2019470454508913545,FV Jolie,NEW BERBAGI INFO SEPUTAR 999DICE,1342351683
Juwono01,706024262,4230504789823287609,Juwono 01,NEW BERBAGI INFO SEPUTAR 999DICE,1342351683
BatiNurdin,596191642,-7670170636946166062,„Å∞„Å° „Åõ„Çì„Å±„ÅÑ | IFTip IDN „Éº @iftip_idn „ÄÇ üáÆüá©,NEW BERBAGI INFO SEPUTAR 999DICE,1342351683
Ikmalsukhocoee,1027743811,8237687077921443505,Hyip¬Æ‚Ñ¢INFO,NEW BERBAGI INFO SEPUTAR 999DICE,1342351683
IzzaStore123,1054644130,6309539479371639056,Irfaul Izza,NEW BERBAGI INFO SEPUTAR 999DICE,1342351683
Fahruroziki,921708329,683292303994613110,Fahruroziki,NEW BERBAGI INFO SEPUTAR 999DICE,1342351683
AndriJaya120204,1138505883,-5864039095140501283,Andri Firman,NEW BERBAGI INFO SEPUTAR 999DICE,1342351683
Feri0707,1095712943,-326304995763360058,Fahril üòáüòáüòá,NEW BERBAGI INFO SEPUTAR 999DICE,1342351683
EmiliaHikariBot,692882995,6661278042578499863,Emilia,NEW BERBAGI INFO SEPUTAR 999DICE,1342351683
Divaabril,977119066,4661670149009904118,DivaabrillAllqama,NEW BERBAGI INFO SEPUTAR 999DICE,1342351683
Dindaamalia22,721391926,-5296819675811479095,Dinda Amalia,NEW BERBAGI INFO SEPUTAR 999DICE,1342351683
dompesss,760416550,-1569104810684402855,Dom,NEW BERBAGI INFO SEPUTAR 999DICE,1342351683
cryptodaeng,1102307181,-5655952749298607977,CryptoD√¶ng,NEW BERBAGI INFO SEPUTAR 999DICE,1342351683
Conyol,984757626,-7612831580905930066,Arick Aprilio,NEW BERBAGI INFO SEPUTAR 999DICE,1342351683
Chinda339,894338097,-1103768851822787300,Cindha,NEW BERBAGI INFO SEPUTAR 999DICE,1342351683
Akbar_bby,715678084,-7988807372777759713,Akbar,NEW BERBAGI INFO SEPUTAR 999DICE,1342351683
blankusers,935697791,-6812703377693293122,„Ö§„Ö§¬† ¬†„Ö§„Ö§,NEW BERBAGI INFO SEPUTAR 999DICE,1342351683
BitHargaBot,368324528,2558468747236422957,BitHarga,NEW BERBAGI INFO SEPUTAR 999DICE,1342351683
